{
  "BRL_2023": 0.20027484375000001,
  "MXN_2023": 0.0564144140625,
  "ARS_2023": 0.000689,
  "CLP_2023": 0.001104,
  "COP_2023": 0.000264,
  "PEN_2023": 0.293292
}